customer_id,customer_name,segment,city,state
CG-12520,Claire Gute,Consumer,Henderson,Kentucky
DV-13045,Darrin Van Huff,Corporate,Los Angeles,California
SO-20335,Sean O'Donnell,Consumer,Fort Lauderdale,Florida
BH-11710,Brosina Hoffman,Consumer,Los Angeles,California
AA-10480,Andrew Allen,Consumer,Concord,North Carolina
IM-15070,Irene Maddox,Consumer,Seattle,Washington
HP-14815,Harold Pawlan,Home Office,Fort Worth,Texas
PK-19075,Pete Kriz,Consumer,Madison,Wisconsin
AG-10270,Alejandro Grove,Consumer,West Jordan,Utah
ZD-21925,Zuschuss Donatelli,Consumer,San Francisco,California
KB-16585,Ken Black,Corporate,Fremont,Nebraska
SF-20065,Sandra Flanagan,Consumer,Philadelphia,Pennsylvania
EB-13870,Emily Burns,Consumer,Orem,Utah
EH-13945,Eric Hoffmann,Consumer,Los Angeles,California
TB-21520,Tracy Blumstein,Consumer,Philadelphia,Pennsylvania
MA-17560,Matt Abelman,Home Office,Houston,Texas
GH-14485,Gene Hale,Corporate,Richardson,Texas
SN-20710,Steve Nguyen,Home Office,Houston,Texas
LC-16930,Linda Cazamias,Corporate,Naperville,Illinois
RA-19885,Ruben Ausman,Corporate,Los Angeles,California
ES-14080,Erin Smith,Corporate,Melbourne,Florida
ON-18715,Odella Nelson,Corporate,Eagan,Minnesota
PO-18865,Patrick O'Donnell,Consumer,Westland,Michigan
LH-16900,Lena Hernandez,Consumer,Dover,Delaware
DP-13000,Darren Powers,Consumer,New Albany,Indiana
JM-15265,Janet Molinari,Corporate,New York City,New York
TB-21055,Ted Butterfield,Consumer,Troy,New York
KM-16720,Kunst Miller,Consumer,Los Angeles,California
PS-18970,Paul Stevenson,Home Office,Chicago,Illinois
BS-11590,Brendan Sweed,Corporate,Gilbert,Arizona
KD-16270,Karen Daniels,Consumer,Springfield,Virginia
HM-14980,Henry MacAllister,Consumer,New York City,New York
JE-15745,Joel Eaton,Consumer,Memphis,Tennessee
KB-16600,Ken Brennan,Corporate,Houston,Texas
SC-20770,Stewart Carmichael,Corporate,Decatur,Alabama
DN-13690,Duane Noonan,Consumer,San Francisco,California
JC-16105,Julie Creighton,Corporate,Durham,North Carolina
CS-12400,Christopher Schild,Home Office,Chicago,Illinois
PG-18895,Paul Gonzalez,Consumer,Rochester,Minnesota
GM-14455,Gary Mitchum,Home Office,Houston,Texas
JS-15685,Jim Sink,Corporate,Los Angeles,California
KB-16315,Karl Braun,Consumer,Minneapolis,Minnesota
RB-19705,Roger Barcio,Home Office,Portland,Oregon
PN-18775,Parhena Norris,Home Office,New York City,New York
KD-16345,Katherine Ducich,Consumer,San Francisco,California
ER-13855,Elpida Rittenbach,Corporate,Saint Paul,Minnesota
RB-19465,Rick Bensley,Home Office,Chicago,Illinois
GZ-14470,Gary Zandusky,Consumer,Rochester,Minnesota
LC-16870,Lena Cacioppo,Consumer,Aurora,Colorado
JM-15250,Janet Martin,Consumer,Charlotte,North Carolina
PA-19060,Pete Armstrong,Home Office,Orland Park,Illinois
CV-12805,Cynthia Voltz,Corporate,New York City,New York
CL-12565,Clay Ludtke,Consumer,Urbandale,Iowa
RC-19960,Ryan Crowe,Consumer,Columbus,Ohio
DK-13090,Dave Kipp,Consumer,Seattle,Washington
GG-14650,Greg Guthrie,Corporate,Bristol,Tennessee
SC-20725,Steven Cartwright,Consumer,Wilmington,Delaware
AD-10180,Alan Dominguez,Home Office,Houston,Texas
PF-19165,Philip Fox,Consumer,Bloomington,Illinois
TS-21610,Troy Staebel,Consumer,Phoenix,Arizona
LS-16975,Lindsay Shagiari,Home Office,Los Angeles,California
DW-13585,Dorothy Wardle,Corporate,Columbus,Ohio
LC-16885,Lena Creighton,Consumer,Roseville,California
JD-15895,Jonathan Doherty,Corporate,Philadelphia,Pennsylvania
SH-19975,Sally Hughsby,Corporate,San Francisco,California
SG-20080,Sandra Glassco,Consumer,Independence,Missouri
HA-14920,Helen Andreada,Consumer,Pasadena,California
MG-17680,Maureen Gastineau,Home Office,Newark,Ohio
JE-16165,Justin Ellison,Corporate,Franklin,Wisconsin
TW-21025,Tamara Willingham,Home Office,Scottsdale,Arizona
SP-20650,Stephanie Phelps,Corporate,San Jose,California
NK-18490,Neil Knudson,Home Office,Seattle,Washington
DB-13060,Dave Brooks,Consumer,Seattle,Washington
NP-18670,Nora Paige,Consumer,Edmond,Oklahoma
TT-21070,Ted Trevino,Consumer,Los Angeles,California
EM-13960,Eric Murdock,Consumer,Philadelphia,Pennsylvania
RD-19900,Ruben Dartt,Consumer,Carlsbad,New Mexico
MJ-17740,Max Jones,Consumer,Seattle,Washington
BM-11140,Becky Martin,Consumer,San Antonio,Texas
CS-12130,Chad Sievert,Consumer,Los Angeles,California
JB-15400,Jennifer Braxton,Corporate,Chicago,Illinois
SJ-20500,Shirley Jackson,Consumer,Houston,Texas
JK-15640,Jim Kriz,Home Office,New York City,New York
DK-13150,David Kendrick,Corporate,Decatur,Illinois
RM-19675,Robert Marley,Home Office,Monroe,Louisiana
SK-19990,Sally Knutson,Consumer,Fairfield,Connecticut
FM-14290,Frank Merwin,Home Office,Los Angeles,California
AM-10360,Alice McCarthy,Corporate,Grand Prairie,Texas
MP-17470,Mark Packer,Home Office,New York City,New York
MZ-17515,Mary Zewe,Corporate,Redlands,California
CB-12025,Cassandra Brandow,Consumer,Hamilton,Ohio
VM-21685,Valerie Mitchum,Home Office,Westfield,New Jersey
FH-14365,Fred Hopkins,Corporate,Philadelphia,Pennsylvania
MB-17305,Maria Bertelson,Consumer,Akron,Ohio
BS-11755,Bruce Stewart,Consumer,Denver,Colorado
LC-17140,Logan Currie,Consumer,Dallas,Texas
HK-14890,Heather Kirkland,Corporate,Franklin,Tennessee
LE-16810,Laurel Elliston,Consumer,Whittier,California
JH-15985,Joseph Holt,Consumer,Saginaw,Michigan
MS-17980,Michael Stewart,Corporate,Dallas,Texas
VW-21775,Victoria Wilson,Corporate,Medina,Ohio
JH-15910,Jonathan Howell,Consumer,Los Angeles,California
JB-15925,Joni Blumstein,Consumer,Dublin,Ohio
DS-13180,David Smith,Corporate,Detroit,Michigan
VD-21670,Valerie Dominguez,Consumer,Columbia,Tennessee
EA-14035,Erin Ashbrook,Corporate,Charlotte,North Carolina
DB-13120,David Bremer,Corporate,Santa Clara,California
KL-16645,Ken Lonsdale,Consumer,Chicago,Illinois
DW-13480,Dianna Wilson,Home Office,Lakeville,Minnesota
LH-17155,Logan Haushalter,Consumer,San Francisco,California
KC-16540,Kelly Collister,Consumer,San Diego,California
DL-13315,Delfina Latchford,Consumer,New York City,New York
DR-12880,Dan Reichenbach,Corporate,Chicago,Illinois
CC-12670,Craig Carreira,Consumer,New York City,New York
Dl-13600,Dorris liebe,Corporate,Pasadena,Texas
SB-20290,Sean Braxton,Corporate,Houston,Texas
RC-19825,Roy Collins,Consumer,Chicago,Illinois
AH-10210,Alan Hwang,Consumer,Brentwood,California
CB-12535,Claudia Bergmann,Corporate,Chapel Hill,North Carolina
CA-12310,Christine Abelman,Corporate,Cincinnati,Ohio
KH-16690,Kristen Hastings,Corporate,San Francisco,California
BB-10990,Barry Blumstein,Corporate,Inglewood,California
AG-10495,Andrew Gjertsen,Corporate,Philadelphia,Pennsylvania
JO-15280,Jas O'Carroll,Consumer,Los Angeles,California
AH-10195,Alan Haines,Corporate,Tamarac,Florida
NZ-18565,Nick Zandusky,Home Office,Columbus,Ohio
KL-16555,Kelly Lampkin,Corporate,Colorado Springs,Colorado
AS-10225,Alan Schoenberger,Corporate,New York City,New York
CR-12625,Corey Roper,Home Office,Lakewood,New Jersey
SH-20395,Shahid Hopkins,Consumer,Arlington,Virginia
BP-11185,Ben Peterman,Corporate,Arvada,Colorado
TS-21205,Thomas Seio,Corporate,Hackensack,New Jersey
AG-10525,Andy Gerbode,Corporate,Saint Petersburg,Florida
SP-20860,Sung Pak,Corporate,Philadelphia,Pennsylvania
NM-18445,Nathan Mautz,Home Office,New York City,New York
FA-14230,Frank Atkinson,Corporate,Long Beach,California
GK-14620,Grace Kelly,Corporate,Hesperia,California
DJ-13510,Don Jones,Corporate,Murfreesboro,Tennessee
PO-18850,Patrick O'Brill,Consumer,Philadelphia,Pennsylvania
JL-15850,John Lucas,Consumer,Philadelphia,Pennsylvania
DB-13615,Doug Bickford,Consumer,Los Angeles,California
AC-10420,Alyssa Crouse,Corporate,San Francisco,California
CC-12550,Clay Cheatham,Consumer,San Francisco,California
TD-20995,Tamara Dahlen,Consumer,Lowell,Massachusetts
AB-10060,Adam Bellavance,Home Office,New York City,New York
JL-15505,Jeremy Lonsdale,Consumer,New York City,New York
VB-21745,Victoria Brennan,Corporate,Columbus,Georgia
KW-16435,Katrina Willman,Consumer,New York City,New York
JD-16060,Julia Dunbar,Consumer,San Francisco,California
MK-17905,Michael Kennedy,Corporate,Manchester,Connecticut
GT-14755,Guy Thornton,Consumer,Harlingen,Texas
AG-10900,Arthur Gainer,Consumer,Tucson,Arizona
MM-18280,Muhammed MacIntyre,Corporate,Quincy,Illinois
AR-10405,Allen Rosenblatt,Corporate,Franklin,Massachusetts
RA-19915,Russell Applegate,Consumer,Houston,Texas
AS-10285,Alejandro Savely,Corporate,San Francisco,California
LA-16780,Laura Armstrong,Corporate,Taylor,Michigan
DO-13435,Denny Ordway,Consumer,Pembroke Pines,Florida
DK-13225,Dean Katz,Corporate,Philadelphia,Pennsylvania
NG-18430,Nathan Gelder,Consumer,Cincinnati,Ohio
MV-18190,Mike Vittorini,Consumer,New York City,New York
JG-15115,Jack Garza,Consumer,Des Moines,Washington
BP-11095,Bart Pistole,Corporate,Peoria,Illinois
VP-21730,Victor Preis,Home Office,Las Vegas,Nevada
SS-20140,Saphhira Shifley,Corporate,Warwick,Rhode Island
AG-10675,Anna Gayman,Consumer,Houston,Texas
LF-17185,Luke Foster,Consumer,Miami,Florida
RF-19840,Roy Französisch,Consumer,New York City,New York
KH-16510,Keith Herrera,Consumer,San Francisco,California
KC-16675,Kimberly Carter,Corporate,Seattle,Washington
CJ-12010,Caroline Jumper,Consumer,Huntington Beach,California
PB-19150,Philip Brown,Consumer,Los Angeles,California
MP-17965,Michael Paige,Corporate,Lawrence,Massachusetts
NF-18385,Natalie Fritzler,Consumer,Jackson,Mississippi
SD-20485,Shirley Daniels,Home Office,New Rochelle,New York
KH-16630,Ken Heidel,Corporate,San Antonio,Texas
RB-19795,Ross Baird,Home Office,Gastonia,North Carolina
MK-18160,Mike Kennedy,Consumer,Jacksonville,Florida
PO-19180,Philisse Overcash,Home Office,Chicago,Illinois
BB-11545,Brenda Bowman,Corporate,Houston,Texas
TB-21595,Troy Blackwell,Consumer,Columbus,Indiana
RB-19360,Raymond Buch,Consumer,Auburn,New York
EB-13705,Ed Braxton,Corporate,Akron,Ohio
SC-20095,Sanjit Chand,Consumer,Concord,California
TN-21040,Tanja Norvell,Home Office,Phoenix,Arizona
JS-15940,Joni Sundaresam,Home Office,Park Ridge,Illinois
MH-17785,Maya Herman,Corporate,Lindenhurst,New York
JP-15520,Jeremy Pistek,Consumer,San Francisco,California
JE-15475,Jeremy Ellison,Consumer,Troy,New York
JG-15805,John Grady,Corporate,New York City,New York
XP-21865,Xylona Preis,Consumer,San Diego,California
EM-14065,Erin Mull,Consumer,New York City,New York
MT-18070,Michelle Tran,Home Office,Los Angeles,California
SA-20830,Sue Ann Reed,Consumer,Chicago,Illinois
CW-11905,Carl Weiss,Home Office,Huntsville,Texas
AJ-10960,Astrea Jones,Consumer,Rochester,New York
SS-20590,Sonia Sunley,Consumer,Seattle,Washington
RO-19780,Rose O'Brian,Consumer,Memphis,Tennessee
MD-17350,Maribeth Dona,Consumer,Fayetteville,Arkansas
MY-17380,Maribeth Yedwab,Corporate,Parker,Colorado
CM-12385,Christopher Martinez,Consumer,Atlanta,Georgia
LS-17245,Lynn Smith,Consumer,Gladstone,Missouri
BN-11515,Bradley Nguyen,Consumer,Los Angeles,California
DB-13210,Dean Braden,Consumer,Houston,Texas
MC-17605,Matt Connell,Corporate,Detroit,Michigan
BD-11605,Brian Dahlen,Consumer,Lawrence,Massachusetts
PH-18790,Patricia Hirasaki,Home Office,Lakeland,Florida
MG-18145,Mike Gockenbach,Consumer,Philadelphia,Pennsylvania
KB-16240,Karen Bern,Corporate,Los Angeles,California
JC-15340,Jasper Cacioppo,Consumer,Los Angeles,California
RL-19615,Rob Lucas,Consumer,Montgomery,Alabama
AA-10375,Allen Armold,Consumer,Mesa,Arizona
EP-13915,Emily Phan,Consumer,Chicago,Illinois
DK-12985,Darren Koutras,Consumer,Henderson,Kentucky
BD-11500,Bradley Drucker,Consumer,Green Bay,Wisconsin
LM-17065,Liz MacKendrick,Consumer,Springfield,Ohio
AS-10135,Adrian Shami,Home Office,New York City,New York
BD-11320,Bill Donatelli,Consumer,San Francisco,California
GT-14710,Greg Tran,Consumer,Houston,Texas
AJ-10945,Ashley Jarboe,Consumer,Wilmington,North Carolina
OT-18730,Olvera Toch,Consumer,Los Angeles,California
LP-17080,Liz Pelletier,Consumer,San Francisco,California
CA-12775,Cynthia Arntzen,Consumer,Tampa,Florida
JF-15490,Jeremy Farry,Consumer,Seattle,Washington
FP-14320,Frank Preis,Consumer,Los Angeles,California
EB-13840,Ellis Ballard,Corporate,Seattle,Washington
JF-15415,Jennifer Ferguson,Consumer,New York City,New York
SF-20200,Sarah Foster,Consumer,Marysville,Washington
TG-21640,Trudy Glocke,Consumer,Long Beach,California
CS-11950,Carlos Soltero,Consumer,Chicago,Illinois
CC-12145,Charles Crestani,Consumer,Los Angeles,California
DV-13465,Dianna Vittorini,Consumer,Denver,Colorado
BD-11725,Bruce Degenhardt,Consumer,Richmond,Kentucky
ZC-21910,Zuschuss Carroll,Consumer,Salem,Oregon
MS-17830,Melanie Seite,Consumer,Laredo,Texas
LR-16915,Lena Radford,Consumer,San Diego,California
TP-21130,Theone Pippenger,Consumer,Philadelphia,Pennsylvania
CK-12205,Chloris Kastensmidt,Consumer,Philadelphia,Pennsylvania
AS-10240,Alan Shonely,Consumer,Tampa,Florida
AR-10510,Andrew Roberts,Consumer,Philadelphia,Pennsylvania
NB-18655,Nona Balk,Corporate,Dallas,Texas
GD-14590,Giulietta Dortch,Corporate,Philadelphia,Pennsylvania
CK-12595,Clytie Kelty,Consumer,Grove City,Ohio
NG-18355,Nat Gilpin,Corporate,New York City,New York
CA-12265,Christina Anderson,Consumer,Chicago,Illinois
SF-20965,Sylvia Foulston,Corporate,Dearborn,Michigan
MO-17800,Meg O'Connel,Home Office,New York City,New York
AT-10735,Annie Thurman,Consumer,Seattle,Washington
FM-14380,Fred McMath,Consumer,Aurora,Colorado
DJ-13420,Denny Joy,Corporate,Warner Robins,Georgia
ME-17725,Max Engle,Consumer,Aurora,Colorado
JD-16150,Justin Deggeller,Corporate,Minneapolis,Minnesota
JL-15835,John Lee,Consumer,Mission Viejo,California
SC-20305,Sean Christensen,Consumer,Rochester Hills,Michigan
CC-12430,Chuck Clark,Home Office,Columbus,Indiana
AR-10825,Anthony Rawles,Corporate,Vancouver,Washington
SR-20740,Steven Roelle,Home Office,New York City,New York
CR-12730,Craig Reiter,Consumer,Columbus,Ohio
EH-14125,Eugene Hildebrand,Home Office,Aurora,Illinois
SP-20545,Sibella Parks,Corporate,New York City,New York
TH-21235,Tiffany House,Corporate,Dallas,Texas
RP-19390,Resi Pölking,Consumer,Cleveland,Ohio
RB-19570,Rob Beeghly,Consumer,Columbus,Indiana
CD-11980,Carol Darley,Consumer,Tyler,Texas
DJ-13630,Doug Jacobs,Consumer,New York City,New York
GT-14635,Grant Thornton,Corporate,Burlington,North Carolina
MC-17845,Michael Chen,Consumer,Jackson,Mississippi
RA-19285,Ralph Arnett,Consumer,New York City,New York
NP-18325,Naresj Patel,Consumer,Waynesboro,Virginia
AB-10165,Alan Barnes,Consumer,Los Angeles,California
JO-15550,Jesus Ocampo,Home Office,Chester,Pennsylvania
JK-15370,Jay Kimmel,Consumer,Long Beach,California
BN-11470,Brad Norvell,Corporate,Cary,North Carolina
DP-13165,David Philippe,Consumer,New York City,New York
TH-21550,Tracy Hopkins,Home Office,New York City,New York
AP-10915,Arthur Prichep,Consumer,Palm Coast,Florida
RS-19765,Roland Schwarz,Corporate,Mount Vernon,New York
SV-20365,Seth Vernon,Consumer,Dover,Delaware
CK-12325,Christine Kargatis,Home Office,Orem,Utah
RD-19810,Ross DeVincentis,Home Office,Los Angeles,California
MR-17545,Mathew Reese,Home Office,Philadelphia,Pennsylvania
SC-20695,Steve Chapman,Corporate,Hialeah,Florida
JF-15355,Jay Fein,Consumer,Austin,Texas
EG-13900,Emily Grady,Consumer,Oceanside,New York
DS-13030,Darrin Sayre,Home Office,Seattle,Washington
PO-19195,Phillina Ober,Home Office,Naperville,Illinois
SS-20875,Sung Shariari,Consumer,Dallas,Texas
PB-19105,Peter Bühler,Consumer,Evanston,Illinois
RF-19735,Roland Fjeld,Consumer,Trenton,Michigan
YC-21895,Yoseph Carroll,Corporate,San Francisco,California
DC-13285,Debra Catini,Consumer,Cottage Grove,Minnesota
CP-12340,Christine Phan,Corporate,New York City,New York
BF-11020,Barry Französisch,Corporate,Green Bay,Wisconsin
LH-17020,Lisa Hazard,Consumer,Columbus,Ohio
CS-12250,Chris Selesnick,Corporate,Bossier City,Louisiana
AJ-10795,Anthony Johnson,Corporate,Saint Petersburg,Florida
BV-11245,Benjamin Venier,Corporate,Des Moines,Iowa
DL-12865,Dan Lawera,Consumer,Cincinnati,Ohio
BM-11785,Bryan Mills,Consumer,Columbus,Ohio
LT-17110,Liz Thompson,Consumer,Lancaster,California
JK-15730,Joe Kamberova,Consumer,Asheville,North Carolina
ES-14020,Erica Smith,Consumer,San Francisco,California
RH-19495,Rick Hansen,Consumer,Rochester,Minnesota
CD-11920,Carlos Daly,Consumer,Lake Elsinore,California
HW-14935,Helen Wasserman,Corporate,San Diego,California
MC-18130,Mike Caudle,Corporate,Monroe,Louisiana
GM-14440,Gary McGarr,Consumer,San Francisco,California
PJ-19015,Pauline Johnson,Consumer,Santa Ana,California
BW-11110,Bart Watters,Corporate,Milwaukee,Wisconsin
TR-21325,Toby Ritter,Consumer,Belleville,New Jersey
PG-18820,Patrick Gardner,Consumer,San Francisco,California
JL-15175,James Lanier,Home Office,Columbia,Tennessee
BM-11650,Brian Moss,Corporate,New York City,New York
EM-14095,Eudokia Martin,Corporate,Los Angeles,California
AF-10885,Art Foster,Consumer,Louisville,Kentucky
GA-14725,Guy Armstrong,Consumer,Lorain,Ohio
CK-12760,Cyma Kinney,Corporate,Linden,New Jersey
DP-13105,Dave Poirier,Corporate,Salinas,California
BK-11260,Berenike Kampe,Consumer,New York City,New York
SJ-20125,Sanjit Jacobs,Home Office,New Brunswick,New Jersey
CM-12445,Chuck Magee,Consumer,San Francisco,California
AJ-10780,Anthony Jacobs,Corporate,Springfield,Virginia
LS-16945,Linda Southworth,Corporate,Philadelphia,Pennsylvania
GP-14740,Guy Phonely,Corporate,Lancaster,Pennsylvania
PK-18910,Paul Knutson,Home Office,Philadelphia,Pennsylvania
SM-20005,Sally Matthias,Consumer,New York City,New York
AG-10765,Anthony Garverick,Home Office,Philadelphia,Pennsylvania
PM-19135,Peter McVee,Home Office,Detroit,Michigan
LL-16840,Lauren Leatherbury,Consumer,Rochester,New York
JS-15595,Jill Stevenson,Corporate,Los Angeles,California
EL-13735,Ed Ludwig,Home Office,Columbia,Maryland
PC-18745,Pamela Coakley,Corporate,San Francisco,California
HL-15040,Hunter Lopez,Consumer,Houston,Texas
MS-17365,Maribeth Schnelling,Consumer,Detroit,Michigan
GB-14530,George Bell,Corporate,Auburn,New York
JR-16210,Justin Ritter,Corporate,Springfield,Ohio
BE-11335,Bill Eplett,Home Office,Jackson,Michigan
SC-20050,Sample Company A,Home Office,Norwich,Connecticut
RW-19630,Rob Williams,Corporate,Dallas,Texas
SE-20110,Sanjit Engle,Consumer,New York City,New York
AH-10075,Adam Hart,Corporate,New York City,New York
JM-15535,Jessica Myrick,Consumer,Philadelphia,Pennsylvania
JJ-15760,Joel Jenkins,Home Office,Springfield,Virginia
RK-19300,Ralph Kennedy,Consumer,Philadelphia,Pennsylvania
CG-12040,Catherine Glotzbach,Home Office,Philadelphia,Pennsylvania
RP-19270,Rachel Payne,Corporate,Riverside,California
KC-16255,Karen Carlisle,Corporate,San Francisco,California
KH-16360,Katherine Hughes,Consumer,Philadelphia,Pennsylvania
GH-14665,Greg Hansen,Consumer,Round Rock,Texas
SW-20275,Scott Williamson,Consumer,Jackson,Mississippi
JA-15970,Joseph Airdo,Consumer,Phoenix,Arizona
DL-12925,Daniel Lacy,Consumer,Oceanside,California
LW-16990,Lindsay Williams,Corporate,San Francisco,California
TB-21190,Thomas Brumley,Home Office,Fayetteville,Arkansas
BS-11800,Bryan Spruell,Home Office,New York City,New York
RW-19690,Robert Waldorf,Consumer,Wilmington,North Carolina
TZ-21580,Tracy Zic,Consumer,Louisville,Colorado
AS-10630,Ann Steele,Home Office,Pasadena,Texas
TS-21340,Toby Swindell,Consumer,Houston,Texas
SL-20155,Sara Luxemburg,Home Office,Jacksonville,Florida
MW-18235,Mitch Willingham,Corporate,Virginia Beach,Virginia
RD-19585,Rob Dowd,Consumer,Henderson,Kentucky
RA-19945,Ryan Akin,Consumer,Murrieta,California
MT-17815,Meg Tillman,Consumer,Scottsdale,Arizona
VG-21790,Vivek Gonzalez,Consumer,San Diego,California
JS-15880,John Stevenson,Consumer,Seattle,Washington
KM-16225,Kalyca Meade,Corporate,New York City,New York
HR-14770,Hallie Redmond,Home Office,Los Angeles,California
DE-13255,Deanra Eno,Home Office,Springfield,Ohio
AG-10390,Allen Goldenen,Consumer,Cincinnati,Ohio
JJ-15445,Jennifer Jackson,Consumer,Los Angeles,California
JH-15430,Jennifer Halladay,Consumer,Burlington,North Carolina
RD-19660,Robert Dilbeck,Home Office,Saint Peters,Missouri
MO-17500,Mary O'Rourke,Consumer,New York City,New York
NS-18640,Noel Staavos,Corporate,Chicago,Illinois
DG-13300,Deirdre Greer,Corporate,Philadelphia,Pennsylvania
NF-18595,Nicole Fjeld,Home Office,New York City,New York
MG-17650,Matthew Grinstein,Home Office,Philadelphia,Pennsylvania
TS-21160,Theresa Swint,Corporate,Toledo,Ohio
BD-11620,Brian DeCherney,Consumer,San Francisco,California
CM-12160,Charles McCrossin,Consumer,Brownsville,Texas
SN-20560,Skye Norling,Home Office,Los Angeles,California
EH-14005,Erica Hernandez,Home Office,Denver,Colorado
FO-14305,Frank Olsen,Consumer,New York City,New York
MS-17710,Maurice Satty,Consumer,Mesa,Arizona
CC-12100,Chad Cunningham,Home Office,Columbus,Indiana
DW-13540,Don Weiss,Consumer,Seattle,Washington
BT-11395,Bill Tyler,Corporate,Detroit,Michigan
CY-12745,Craig Yedwab,Corporate,Oakland,California
BT-11485,Brad Thomas,Home Office,Clinton,Maryland
PS-19045,Penelope Sewall,Home Office,Charlotte,North Carolina
PV-18985,Paul Van Hugh,Home Office,San Francisco,California
NM-18520,Neoma Murray,Consumer,Riverside,California
DL-13495,Dionis Lloyd,Corporate,San Francisco,California
CS-12355,Christine Sundaresam,Consumer,Roswell,Georgia
FH-14275,Frank Hawley,Corporate,La Porte,Indiana
NC-18340,Nat Carroll,Consumer,Lansing,Michigan
AA-10315,Alex Avila,Consumer,Minneapolis,Minnesota
LT-16765,Larry Tron,Consumer,Escondido,California
AP-10720,Anne Pryor,Home Office,New York City,New York
PM-18940,Paul MacIntyre,Consumer,Jackson,Michigan
AT-10435,Alyssa Tate,Home Office,Los Angeles,California
CA-12055,Cathy Armstrong,Home Office,Houston,Texas
HR-14830,Harold Ryan,Corporate,Seattle,Washington
BT-11530,Bradley Talbott,Home Office,Los Angeles,California
LH-16750,Larry Hughes,Consumer,Charlotte,North Carolina
SW-20755,Steven Ward,Corporate,New York City,New York
SP-20620,Stefania Perrino,Corporate,Philadelphia,Pennsylvania
BF-11170,Ben Ferrer,Home Office,Los Angeles,California
KT-16480,Kean Thornton,Consumer,Buffalo,New York
BG-11695,Brooke Gillingham,Corporate,Cincinnati,Ohio
GM-14680,Greg Matthias,Consumer,Seattle,Washington
EJ-14155,Eva Jacobs,Consumer,Gulfport,Mississippi
NP-18700,Nora Preis,Consumer,Fresno,California
MH-18115,Mick Hernandez,Home Office,Chester,Pennsylvania
JR-15700,Jocasta Rupert,Consumer,Jacksonville,Florida
SM-20950,Suzanne McNair,Corporate,Greenville,North Carolina
CC-12220,Chris Cortes,Consumer,La Porte,Indiana
PF-19225,Phillip Flathmann,Consumer,San Francisco,California
DC-12850,Dan Campbell,Consumer,Florence,Alabama
BD-11770,Bryan Davis,Consumer,Houston,Texas
GM-14500,Gene McClure,Consumer,Providence,Rhode Island
TB-21355,Todd Boyes,Corporate,New York City,New York
JH-16180,Justin Hirsh,Consumer,Pueblo,Colorado
EB-13975,Erica Bern,Corporate,Fairfield,California
QJ-19255,Quincy Jones,Corporate,Saint Paul,Minnesota
TC-21535,Tracy Collins,Home Office,Arlington,Virginia
CS-12460,Chuck Sachs,Consumer,Columbus,Georgia
HG-14965,Henry Goldwyn,Corporate,Los Angeles,California
LW-16825,Laurel Workman,Corporate,Deltona,Florida
MC-17575,Matt Collins,Consumer,Cincinnati,Ohio
LP-17095,Liz Preis,Consumer,Murray,Kentucky
EB-14170,Evan Bailliet,Consumer,Wilmington,North Carolina
GZ-14545,George Zrebassa,Corporate,Lawrence,Massachusetts
CP-12085,Cathy Prescott,Corporate,Norwich,Connecticut
FG-14260,Frank Gastineau,Home Office,San Francisco,California
LD-17005,Lisa DeCherney,Consumer,San Francisco,California
AB-10255,Alejandro Ballentine,Home Office,Lorain,Ohio
MN-17935,Michael Nguyen,Consumer,Dallas,Texas
JR-15670,Jim Radford,Consumer,Middletown,Connecticut
JF-15190,Jamie Frazer,Consumer,Los Angeles,California
CM-12115,Chad McGuire,Consumer,New York City,New York
AS-10045,Aaron Smayling,Corporate,Jacksonville,North Carolina
BP-11290,Beth Paige,Consumer,Evanston,Illinois
ND-18370,Natalie DeCherney,Consumer,Louisville,Kentucky
LB-16735,Larry Blacks,Consumer,Fort Worth,Texas
KT-16465,Kean Takahito,Consumer,Los Angeles,California
HM-14860,Harry Marie,Corporate,Philadelphia,Pennsylvania
AB-10600,Ann Blume,Corporate,Tucson,Arizona
SZ-20035,Sam Zeldin,Home Office,Pico Rivera,California
MG-17890,Michael Granlund,Home Office,Clinton,Maryland
JK-16120,Julie Kriz,Home Office,Aurora,Illinois
PP-18955,Paul Prost,Home Office,Smyrna,Georgia
YS-21880,Yana Sorensen,Corporate,Burlington,North Carolina
KM-16375,Katherine Murray,Home Office,Salem,Virginia
AB-10105,Adrian Barton,Consumer,Phoenix,Arizona
HA-14905,Helen Abelman,Consumer,New York City,New York
BT-11305,Beth Thompson,Home Office,Costa Mesa,California
SV-20815,Stuart Van,Corporate,Houston,Texas
RW-19540,Rick Wilson,Corporate,Mesa,Arizona
DK-12835,Damala Kotsonis,Corporate,Salinas,California
ST-20530,Shui Tom,Consumer,Parma,Ohio
MM-17920,Michael Moore,Consumer,San Francisco,California
PW-19030,Pauline Webber,Corporate,Richmond,Kentucky
SC-20440,Shaun Chance,Corporate,Aurora,Colorado
TS-21085,Thais Sissman,Consumer,Phoenix,Arizona
MC-17425,Mark Cousins,Corporate,Mobile,Alabama
ME-17320,Maria Etezadi,Home Office,Columbus,Georgia
NH-18610,Nicole Hansen,Corporate,Irving,Texas
MB-18085,Mick Brown,Consumer,Vineland,New Jersey
KD-16495,Keith Dawkins,Corporate,New York City,New York
KN-16390,Katherine Nockton,Corporate,Los Angeles,California
NP-18685,Nora Pelletier,Home Office,Niagara Falls,New York
CS-12505,Cindy Stewart,Consumer,Thomasville,North Carolina
MS-17770,Maxwell Schwartz,Consumer,New York City,New York
CM-12655,Corinna Mitchell,Home Office,Los Angeles,California
Co-12640,Corey-Lock,Consumer,Philadelphia,Pennsylvania
TS-21370,Todd Sumrall,Corporate,New York City,New York
JW-15220,Jane Waco,Corporate,Vancouver,Washington
JD-15790,John Dryer,Consumer,Coppell,Texas
PC-19000,Pauline Chand,Home Office,Los Angeles,California
AR-10540,Andy Reiter,Consumer,New York City,New York
AI-10855,Arianne Irving,Consumer,Philadelphia,Pennsylvania
TB-21400,Tom Boeckenhauer,Consumer,Seattle,Washington
PL-18925,Paul Lucas,Home Office,Chicago,Illinois
GH-14425,Gary Hwang,Consumer,Tucson,Arizona
MP-18175,Mike Pelletier,Home Office,Laguna Niguel,California
JM-15655,Jim Mitchum,Corporate,Bridgeton,New Jersey
CL-11890,Carl Ludwig,Consumer,Everett,Massachusetts
DB-13270,Deborah Brumfield,Home Office,San Diego,California
IG-15085,Ivan Gibson,Consumer,San Diego,California
BO-11425,Bobby Odegard,Consumer,Richmond,Kentucky
AB-10150,Aimee Bixby,Consumer,Long Beach,New York
JW-16075,Julia West,Consumer,Philadelphia,Pennsylvania
EB-13750,Edward Becker,Corporate,Seattle,Washington
SG-20470,Sheri Gordon,Consumer,New York City,New York
CM-12190,Charlotte Melton,Consumer,Philadelphia,Pennsylvania
AW-10840,Anthony Witt,Consumer,Allen,Texas
MC-18100,Mick Crebagga,Consumer,El Paso,Texas
TT-21460,Tonja Turnell,Home Office,Aurora,Illinois
VG-21805,Vivek Grady,Corporate,Virginia Beach,Virginia
MY-18295,Muhammed Yedwab,Corporate,Grapevine,Texas
RD-19480,Rick Duston,Consumer,Olympia,Washington
DP-13390,Dennis Pardue,Home Office,Peoria,Illinois
ML-17395,Marina Lichtenstein,Corporate,Los Angeles,California
JC-15385,Jenna Caffey,Consumer,Kent,Washington
JG-15160,James Galang,Consumer,Los Angeles,California
MC-17275,Marc Crier,Consumer,Lafayette,Louisiana
NW-18400,Natalie Webber,Consumer,Tigard,Oregon
TB-21280,Toby Braunhardt,Consumer,Washington,District of Columbia
BS-11380,Bill Stewart,Corporate,Skokie,Illinois
HH-15010,Hilary Holden,Corporate,San Francisco,California
CD-12280,Christina DeMoss,Consumer,Seattle,Washington
TH-21100,Thea Hendricks,Consumer,Los Angeles,California
MM-18055,Michelle Moray,Consumer,Seattle,Washington
NS-18505,Neola Schneider,Consumer,Dallas,Texas
RB-19645,Robert Barroso,Corporate,North Las Vegas,Nevada
SW-20455,Shaun Weien,Consumer,Suffolk,Virginia
EB-13930,Eric Barreto,Consumer,San Francisco,California
PS-18760,Pamela Stobb,Consumer,Los Angeles,California
HF-14995,Herbert Flentye,Consumer,Indianapolis,Indiana
HZ-14950,Henia Zydlo,Consumer,Columbus,Ohio
CD-12790,Cynthia Delaney,Home Office,San Diego,California
JK-15205,Jamie Kunitz,Consumer,San Francisco,California
FM-14215,Filia McAdams,Corporate,Dublin,Ohio
ED-13885,Emily Ducich,Home Office,San Diego,California
DA-13450,Dianna Arnett,Home Office,Houston,Texas
JW-15955,Joni Wasserman,Consumer,Oakland,California
RM-19375,Raymond Messe,Consumer,Houston,Texas
ML-17755,Max Ludwig,Home Office,Suffolk,Virginia
CC-12685,Craig Carroll,Consumer,Greensboro,North Carolina
JE-15610,Jim Epp,Corporate,Milwaukee,Wisconsin
RP-19855,Roy Phan,Corporate,Kenosha,Wisconsin
TB-21175,Thomas Boland,Corporate,Houston,Texas
BE-11455,Brad Eason,Home Office,Olathe,Kansas
JF-15565,Jill Fjeld,Consumer,Dallas,Texas
PB-19210,Phillip Breyer,Corporate,Tulsa,Oklahoma
BT-11680,Brian Thompson,Consumer,Newark,Ohio
JL-15235,Janet Lee,Consumer,Chicago,Illinois
CH-12070,Cathy Hwang,Home Office,Raleigh,North Carolina
ND-18460,Neil Ducich,Corporate,Macon,Georgia
BF-10975,Barbara Fisher,Corporate,Charlotte,North Carolina
KH-16330,Katharine Harms,Corporate,Bowling Green,Kentucky
GW-14605,Giulietta Weimer,Consumer,Seattle,Washington
NC-18625,Noah Childs,Corporate,Aurora,Colorado
ME-18010,Michelle Ellison,Corporate,San Francisco,California
BP-11230,Benjamin Patterson,Consumer,Spokane,Washington
JC-15775,John Castell,Consumer,San Antonio,Texas
AS-10090,Adam Shillingsburg,Consumer,Charlottesville,Virginia
AC-10450,Amy Cox,Consumer,Minneapolis,Minnesota
MD-17860,Michael Dominguez,Corporate,Indianapolis,Indiana
DB-13660,Duane Benoit,Consumer,Oceanside,New York
EH-13990,Erica Hackney,Consumer,Roswell,Georgia
EH-13765,Edward Hooks,Corporate,Watertown,New York
SC-20230,Scot Coram,Corporate,Arlington,Texas
JE-15715,Joe Elijah,Consumer,Broomfield,Colorado
AC-10615,Ann Chong,Corporate,New York City,New York
JD-16015,Joy Daniels,Consumer,Chicago,Illinois
CB-12415,Christy Brittain,Consumer,Columbus,Ohio
JS-16030,Joy Smith,Consumer,Houston,Texas
LW-17215,Luke Weiss,Consumer,Pasadena,California
SC-20800,Stuart Calhoun,Consumer,Houston,Texas
AM-10705,Anne McFarland,Consumer,Auburn,Alabama
RH-19510,Rick Huthwaite,Home Office,Providence,Rhode Island
CT-11995,Carol Triggs,Consumer,Rochester,Minnesota
MC-17590,Matt Collister,Corporate,Perth Amboy,New Jersey
CC-12610,Corey Catlett,Corporate,Philadelphia,Pennsylvania
KA-16525,Kelly Andreada,Consumer,Ontario,California
TC-20980,Tamara Chand,Corporate,Seattle,Washington
BF-11080,Bart Folk,Consumer,Baltimore,Maryland
MM-17260,Magdelene Morse,Consumer,Wilmington,Delaware
AH-10120,Adrian Hane,Home Office,Tucson,Arizona
BW-11200,Ben Wallace,Consumer,Boynton Beach,Florida
SW-20245,Scot Wooten,Consumer,Stockton,California
BS-11665,Brian Stugart,Consumer,Philadelphia,Pennsylvania
RF-19345,Randy Ferguson,Corporate,Dover,New Hampshire
WB-21850,William Brown,Consumer,Philadelphia,Pennsylvania
TB-21625,Trudy Brown,Consumer,Grand Prairie,Texas
AF-10870,Art Ferguson,Consumer,College Station,Texas
RB-19435,Richard Bierner,Consumer,Saint Louis,Missouri
KF-16285,Karen Ferguson,Home Office,Manteca,California
JH-15820,John Huston,Consumer,Kent,Ohio
IL-15100,Ivan Liston,Consumer,San Francisco,California
PB-18805,Patrick Bzostek,Home Office,Salt Lake City,Utah
RH-19600,Rob Haberlin,Consumer,Huntsville,Alabama
AW-10930,Arthur Wiediger,Home Office,Aurora,Illinois
ML-17410,Maris LaWare,Consumer,Fairfield,Connecticut
DB-13555,Dorothy Badders,Corporate,Jacksonville,Florida
MH-17620,Matt Hagelstein,Corporate,San Francisco,California
DK-13375,Dennis Kane,Consumer,Marion,Ohio
BT-11440,Bobby Trafton,Consumer,Littleton,Colorado
DB-13405,Denny Blanton,Consumer,La Porte,Indiana
TG-21310,Toby Gnade,Consumer,Los Angeles,California
BF-11005,Barry Franz,Home Office,Pasadena,California
JM-16195,Justin MacKendrick,Consumer,Los Angeles,California
MZ-17335,Maria Zettner,Home Office,San Diego,California
MW-18220,Mitch Webber,Consumer,New York City,New York
MV-17485,Mark Van Huff,Consumer,Arlington,Virginia
SM-20320,Sean Miller,Home Office,Monroe,North Carolina
TP-21415,Tom Prescott,Consumer,Seattle,Washington
JK-15625,Jim Karlsson,Consumer,Seattle,Washington
PJ-18835,Patrick Jones,Corporate,Murfreesboro,Tennessee
RS-19420,Ricardo Sperren,Corporate,Seattle,Washington
SV-20935,Susan Vittorini,Consumer,New York City,New York
BC-11125,Becky Castell,Home Office,Peoria,Arizona
EM-13825,Elizabeth Moffitt,Corporate,Sioux Falls,South Dakota
BM-11575,Brendan Murry,Corporate,New York City,New York
KN-16705,Kristina Nunn,Home Office,Fort Collins,Colorado
KW-16570,Kelly Williams,Consumer,Clarksville,Tennessee
SC-20260,Scott Cohen,Corporate,San Francisco,California
CV-12295,Christina VanderZanden,Consumer,Fresno,California
SG-20605,Speros Goranitis,Consumer,New York City,New York
TM-21010,Tamara Manning,Consumer,San Francisco,California
EM-13810,Eleni McCrary,Corporate,Los Angeles,California
ML-18040,Michelle Lonsdale,Corporate,Albuquerque,New Mexico
CR-12580,Clay Rozendal,Home Office,Elmhurst,Illinois
AZ-10750,Annie Zypern,Consumer,New York City,New York
PW-19240,Pierre Wener,Consumer,Louisville,Colorado
SC-20380,Shahid Collister,Consumer,Seattle,Washington
CM-11935,Carlos Meador,Consumer,Fayetteville,North Carolina
GM-14695,Greg Maxwell,Corporate,Los Angeles,California
TB-21250,Tim Brockman,Consumer,New York City,New York
JM-15865,John Murray,Consumer,Jamestown,New York
SC-20575,Sonia Cooley,Consumer,Mishawaka,Indiana
LS-17200,Luke Schmidt,Corporate,Skokie,Illinois
RR-19315,Ralph Ritter,Consumer,San Francisco,California
DB-12910,Daniel Byrd,Home Office,Tampa,Florida
TT-21220,Thomas Thornton,Consumer,Houston,Texas
LO-17170,Lori Olson,Corporate,La Quinta,California
KD-16615,Ken Dana,Corporate,Scottsdale,Arizona
NB-18580,Nicole Brennan,Corporate,Philadelphia,Pennsylvania
BD-11635,Brian Derr,Consumer,Bowling Green,Kentucky
CM-12235,Chris McAfee,Consumer,Carrollton,Texas
EN-13780,Edward Nazzal,Consumer,New York City,New York
KN-16450,Kean Nguyen,Corporate,Jacksonville,Florida
BO-11350,Bill Overfelt,Corporate,Los Angeles,California
AG-10300,Aleksandra Gannaway,Corporate,Los Angeles,California
MC-17635,Matthew Clasen,Corporate,Saint Louis,Missouri
TA-21385,Tom Ashbrook,Home Office,New York City,New York
JF-15295,Jason Fortune-,Consumer,Seattle,Washington
TT-21265,Tim Taslimi,Corporate,Los Angeles,California
SB-20170,Sarah Bern,Consumer,New York City,New York
CL-12700,Craig Leslie,Home Office,Springfield,Missouri
HG-15025,Hunter Glantz,Consumer,Amarillo,Texas
NL-18310,Nancy Lomonaco,Home Office,Los Angeles,California
RR-19525,Rick Reed,Corporate,Lowell,Massachusetts
TC-21295,Toby Carlisle,Consumer,San Diego,California
SV-20785,Stewart Visinsky,Consumer,Pueblo,Colorado
BE-11410,Bobby Elias,Consumer,Lancaster,Ohio
SC-20680,Steve Carroll,Home Office,Columbus,Georgia
DF-13135,David Flashing,Consumer,Vallejo,California
FH-14350,Fred Harton,Consumer,Seattle,Washington
MS-17530,MaryBeth Skach,Consumer,San Diego,California
RH-19555,Ritsa Hightower,Consumer,Tallahassee,Florida
GA-14515,George Ashbrook,Consumer,San Francisco,California
JP-16135,Julie Prescott,Home Office,Columbus,Georgia
Dp-13240,Dean percer,Home Office,Murray,Utah
MO-17950,Michael Oakman,Consumer,Dallas,Texas
DL-13330,Denise Leinenbach,Consumer,Las Cruces,New Mexico
MH-18025,Michelle Huthwaite,Consumer,Seattle,Washington
DR-12940,Daniel Raglin,Home Office,Franklin,Massachusetts
DM-13015,Darrin Martin,Consumer,Encinitas,California
CA-11965,Carol Adams,Corporate,Hoover,Alabama
AC-10660,Anna Chung,Consumer,Huntsville,Texas
DM-13345,Denise Monton,Corporate,Roswell,Georgia
VF-21715,Vicky Freymann,Home Office,Columbus,Indiana
CC-12370,Christopher Conant,Consumer,Fayetteville,North Carolina
BF-11275,Beth Fritzler,Corporate,Tucson,Arizona
HG-14845,Harry Greene,Consumer,Lake Charles,Louisiana
BP-11155,Becky Pak,Consumer,Columbus,Georgia
EM-14140,Eugene Moren,Home Office,Glendale,Arizona
MA-17995,Michelle Arnett,Home Office,Watertown,New York
AY-10555,Andy Yotov,Corporate,Oceanside,California
GB-14575,Giulietta Baptist,Consumer,Philadelphia,Pennsylvania
JB-16045,Julia Barnett,Home Office,Columbus,Georgia
MG-17875,Michael Grace,Home Office,New York City,New York
SR-20425,Sharelle Roach,Home Office,Louisville,Colorado
JB-16000,Joy Bell-,Consumer,Brownsville,Texas
DM-12955,Dario Medina,Corporate,Lincoln Park,Michigan
TC-21475,Tony Chapman,Home Office,Columbus,Georgia
SW-20350,Sean Wendt,Home Office,Detroit,Michigan
RE-19450,Richard Eichhorn,Consumer,Dallas,Texas
BF-11215,Benjamin Farhat,Home Office,Albuquerque,New Mexico
KB-16405,Katrina Bavinger,Home Office,Apple Valley,California
JG-15310,Jason Gross,Corporate,Providence,Rhode Island
EC-14050,Erin Creighton,Consumer,New York City,New York
EB-14110,Eugene Barchas,Consumer,Philadelphia,Pennsylvania
JP-15460,Jennifer Patt,Corporate,Oceanside,New York
CS-11845,Cari Sayre,Corporate,Seattle,Washington
GH-14410,Gary Hansen,Home Office,Glendale,Arizona
PT-19090,Pete Takahito,Consumer,Houston,Texas
JL-15130,Jack Lebron,Consumer,Houston,Texas
AH-10030,Aaron Hawkins,Corporate,Philadelphia,Pennsylvania
CC-12475,Cindy Chapman,Consumer,New York City,New York
DW-13195,David Wiener,Corporate,Houston,Texas
SJ-20215,Sarah Jordon,Consumer,Grand Prairie,Texas
BG-11740,Bruce Geld,Consumer,Philadelphia,Pennsylvania
LB-16795,Laurel Beltran,Home Office,Highland Park,Illinois
CM-11815,Candace McMahon,Corporate,Pasadena,Texas
EH-14185,Evan Henry,Consumer,Decatur,Alabama
TS-21505,Tony Sayre,Consumer,Columbia,Tennessee
PR-18880,Patrick Ryan,Consumer,Oakland,California
LC-17050,Liz Carlisle,Consumer,Mission Viejo,California
CS-12490,Cindy Schnelling,Corporate,Conroe,Texas
DH-13075,Dave Hallsten,Corporate,Richmond,Kentucky
JO-15145,Jack O'Briant,Corporate,Philadelphia,Pennsylvania
AH-10690,Anna Häberlin,Corporate,New York City,New York
HJ-14875,Heather Jas,Home Office,Jacksonville,Florida
MH-17455,Mark Hamilton,Consumer,Jacksonville,North Carolina
RD-19930,Russell D'Ascenzo,Consumer,Austin,Texas
SC-20020,Sam Craven,Consumer,Plano,Texas
SU-20665,Stephanie Ulpright,Home Office,Jackson,Mississippi
FC-14335,Fred Chung,Corporate,Mesquite,Texas
RB-19330,Randy Bradley,Consumer,Philadelphia,Pennsylvania
NC-18535,Nick Crebassa,Corporate,Dallas,Texas
DB-12970,Darren Budd,Corporate,Los Angeles,California
MF-17665,Maureen Fritzler,Corporate,Toledo,Ohio
RM-19750,Roland Murray,Consumer,New York City,New York
VM-21835,Vivian Mathis,Consumer,Newark,Delaware
EJ-13720,Ed Jacobs,Consumer,San Diego,California
NC-18415,Nathan Cano,Consumer,Jacksonville,North Carolina
LS-17230,Lycoris Saunders,Consumer,Dover,Delaware
KE-16420,Katrina Edelman,Corporate,Bristol,Tennessee
DH-13675,Duane Huffman,Home Office,Quincy,Massachusetts
PF-19120,Peter Fuller,Consumer,Gilbert,Arizona
VT-21700,Valerie Takahito,Home Office,Philadelphia,Pennsylvania
MG-17695,Maureen Gnade,Consumer,Buffalo,New York
SP-20920,Susan Pistek,Consumer,Los Angeles,California
CS-12175,Charles Sheldon,Corporate,Columbia,Tennessee
DK-12895,Dana Kaydos,Consumer,Kenosha,Wisconsin
KM-16660,Khloe Miller,Consumer,Roswell,Georgia
AA-10645,Anna Andreadi,Consumer,Chester,Pennsylvania
DD-13570,Dorothy Dickinson,Consumer,Houston,Texas
AH-10465,Amy Hunt,Consumer,New York City,New York
TP-21565,Tracy Poddar,Corporate,Aurora,Colorado
EK-13795,Eileen Kiefer,Home Office,Santa Ana,California
CR-12820,Cyra Reiten,Home Office,New York City,New York
SG-20890,Susan Gilcrest,Corporate,Mcallen,Texas
AH-10585,Angele Hood,Consumer,Chicago,Illinois
NF-18475,Neil Französisch,Home Office,Rockford,Illinois
BS-11365,Bill Shonely,Corporate,New York City,New York
SH-20635,Stefanie Holloman,Corporate,Jackson,Tennessee
RD-19720,Roger Demir,Consumer,Daytona Beach,Florida
AG-10330,Alex Grayson,Consumer,Stockton,California
GR-14560,Georgia Rosenberg,Corporate,San Francisco,California
VS-21820,Vivek Sundaresam,Consumer,Los Angeles,California
TM-21490,Tony Molinari,Consumer,Oklahoma City,Oklahoma
TS-21430,Tom Stivers,Corporate,Los Angeles,California
DB-13360,Dennis Bolton,Home Office,New York City,New York
NR-18550,Nick Radford,Consumer,Aurora,Illinois
CS-11860,Cari Schnelling,Consumer,Jacksonville,North Carolina
MF-18250,Monica Federle,Corporate,Los Angeles,California
LW-17125,Liz Willingham,Consumer,Norwich,Connecticut
AR-10345,Alex Russell,Corporate,Lawrence,Massachusetts
KS-16300,Karen Seio,Corporate,Lehi,Utah
AB-10015,Aaron Bergman,Consumer,Seattle,Washington
LR-17035,Lisa Ryan,Corporate,Philadelphia,Pennsylvania
SS-20410,Shahid Shariari,Consumer,Los Angeles,California
JM-15580,Jill Matthias,Consumer,Monroe,North Carolina
JK-15325,Jason Klamczynski,Corporate,Dallas,Texas
DM-13525,Don Miller,Corporate,Houston,Texas
ML-18265,Muhammed Lee,Consumer,Seattle,Washington
MH-17290,Marc Harrigan,Home Office,Los Angeles,California
FC-14245,Frank Carlisle,Home Office,Lakewood,Ohio
TH-21115,Thea Hudgings,Corporate,Philadelphia,Pennsylvania
JK-16090,Juliana Krohn,Consumer,Omaha,Nebraska
SB-20185,Sarah Brown,Consumer,Concord,New Hampshire
BG-11035,Barry Gonzalez,Consumer,Monroe,Louisiana
BW-11065,Barry Weirich,Consumer,Raleigh,North Carolina
MG-18205,Mitch Gastineau,Corporate,Jacksonville,Florida
DO-13645,Doug O'Connell,Consumer,Los Angeles,California
BP-11050,Barry Pond,Corporate,Cranston,Rhode Island
TS-21655,Trudy Schmidt,Consumer,Milwaukee,Wisconsin
EM-14200,Evan Minnotte,Home Office,Virginia Beach,Virginia
AO-10810,Anthony O'Donnell,Corporate,Los Angeles,California
MH-17440,Mark Haberlin,Corporate,New York City,New York
SS-20515,Shirley Schmidt,Home Office,Louisville,Kentucky
LD-16855,Lela Donovan,Corporate,Chicago,Illinois
VP-21760,Victoria Pisteka,Corporate,San Francisco,California
TC-21145,Theresa Coyne,Corporate,Lakewood,New Jersey
IM-15055,Ionia McGrath,Consumer,Roseville,California
AR-10570,Anemone Ratner,Consumer,Columbus,Georgia
CM-12715,Craig Molinari,Corporate,Huntsville,Texas
FW-14395,Fred Wasserman,Corporate,Huntsville,Alabama
LC-16960,Lindsay Castell,Home Office,Arlington,Virginia
HE-14800,Harold Engle,Corporate,Chicago,Illinois
BD-11560,Brendan Dodson,Home Office,Fresno,California
HD-14785,Harold Dahlen,Home Office,Philadelphia,Pennsylvania
CJ-11875,Carl Jackson,Corporate,Philadelphia,Pennsylvania
RS-19870,Roy Skaria,Home Office,Burlington,Iowa
SC-20845,Sung Chung,Consumer,Arlington Heights,Illinois
RE-19405,Ricardo Emerson,Consumer,Kent,Ohio
SM-20905,Susan MacKendrick,Consumer,Newark,Ohio
